ID,Nama Laptop,Seri ,Processor,Graphic Card,Storage ,RAM,OS,Harga,Port ,Image,category(nama brand),Panel layar,Refresh rate,Heavy
1,Vivobook Pro 15 OLED,K6065,Intel Core i7 12th gen ,NVIDIA GeForce RTX 3050 ,1 TB  ,16 GB,Windows 11,"Rp15.299.000,00",Thunderbolt 4 USBC port,Asus 1,ASUS,FHD (1920 x 1080) 16:9 anglare display,60Hz,1.65 Kg
2,ASUS Vivobook Pro 15 OLED,M6500,Intel Core i7 12th gen ,NVIDIA GeForce RTX 3050 ,1 TB ,16 GB,WIndows 11,"Rp13.399.000,00","1x USB 3.2 Gen 2 TypeC support display , power delivery 1x USB 3.2 Gen 2 TypeC 2x USB 3.2 Gen 1 TypeA 1x 2.5G LAN port",Asus 2 ,ASUS,"14” FHD (1920 x 1080) IPX, 300 nits, 45% NTSC, Anglare",60Hz,1.70 Kg
3,Vivobook Pro 14 OLED,M3401,AMD Ryzen 7,NVIDIA GeForce RTX 3050,512GB ,8 GB,Windows 11,"Rp14.499.000,00","USBC 3.2 Gen 1 (full funcon),2 x USBA 3.2 Gen 1",Asus 3,ASUS,"QHD+ 16:10 (2560 x 1600, WQXGA)Mini LED",60Hz,1.45 Kg
4,ASUS Vivobook Pro 16X OLED,K6604,Intel Core i9 ,NVIDIA GeForce RTX 4070,2 TB  ,64 GB ,Windows 11,"Rp30.999.000,00","1x Type C USB 4 support DisplayPort , power delivery",Asus 4,ASUS,"14″ FHD (1920 x 1080) TN, 250 nits, 45% NTSC",60Hz,2.00 Kg
5,Vivobook Pro 16X OLED,N7600,Intel Core i7 11th gen,NVIDIA GeForce RTX 3050,1 TB ,16 GB,Windows 11,"Rp19.299.000,00","USBC 3.2 Gen 1,2 x USBA 3.2 Gen 2",Asus 5,ASUS,"14"" WUXGA (1920 x 1200), IPS Display",60Hz,1.1 Kg 
6,ASUS Zenbook S 13,UX5304,Intel Core i7 13th gen , NVIDIA GeForce RTX 4060. ,1 TB ,32 GB,Windows 11,"Rp22.999.000,00",Thunderbolt 4 USBC port,Asus 6,ASUS,13.3” 2.8K OLED HDR ,60Hz,1.1 Kg 
7,Zenbook S 13 OLED,UM5302,AMD Ryzen 7 ,NVIDIA GeForce RTX 4060,1 TB ,16 GB ,Windows 11,"Rp18.999.000,00","USBC 3.2 Gen 1,2 x USBA 3.2 Gen 2",Asus 7,ASUS,"13.3"" 16:10 2.8K OLED",60Hz,1.35 Kg
8,Zenbook S 13 Flip ,UP5302,Intel Core i7 12th Gen ,NVIDIA GeForce RTX 3060 ,1 TB ,32 GB,Windows 11,"Rp23.999.000,00","USBA 3.2 Gen 1,USBC 3.2 Gen 2,Ethernet (RJ45)",Asus 8,ASUS,15” OLED Display,120Hz,1.70 Kg
9,ROG Zephyrus G14 ,GA403,AMD Ryzen 7 ,NVIDIA GeForce RTX 4080 ,1 TB ,16 GB,Windows 11,"Rp28.999.000,00",Thunderbolt 4 USBC port,Rog 9,ASUS,"14″ WUXGA (1920 x 1200) IPS, 300 nits, anglare, 45% NTSC",120Hz,1.79 Kg
10,ROG Zephyrus G16,GU605,Intel Core i9, NVIDIA GeForce RTX 4080,2TB  ,32GB,Windows 11,"Rp53.999.000,00",Thunderbolt 4 USBC port,Rog 10,ASUS,2.5K  aspect rao OLED,240Hz,1.85 Kg
11,ROG Strix G15,G513RC,AMD Ryzen 7 ,NVIDIA GeForce RTX 3050 ,512GB ,32GB ,Windows 11,"Rp18.999.000,00","1x USB 3.2 Gen 2 TypeC support display , power delivery 1x USB 3.2 Gen 2 TypeC 2x USB 3.2 Gen 1 TypeA 1x 2.5G LAN port",Rog 11,ASUS,FHD (1920 x 1080) 16:9 anglare display,144hz,2.10 Kg 
12,ROG Strix G17,G713RM,AMD Ryzen 7 ,NVIDIA GeForce RTX 3060 ,512GB ,8GB ,Windows 11,"Rp20.499.000,00","1x USB 3.2 Gen 2 TypeC support display , power delivery 1x USB 3.2 Gen 2 TypeC 2x USB 3.2 Gen 1 TypeA 1x 2.5G LAN port",Rog 12,ASUS,FHD (1920 x 1080) 16:9 anglare display,360Hz,2.90 Kg 
13,ROG Strix Scar 16,G634JZ, Intel Core i9 13th Gen ,NVIDIA GeForce RTX 4080 ,2TB  ,16GB ,Windows 11,"Rp65.999.000,00","1x Thunderbolt 4 support DisplayPort , GSYNC",Rog 13,ASUS,"QHD+ 16:10 (2560 x 1600, WQXGA)Mini LED",240Hz,2.60 Kg 
14,ROG Strix Scar 16 (2024),G634JZR ,Intel Core i9 ,NVIDIA GeForce RTX 4080 ,2TB  ,16GB ,Windows 11,"Rp68.999.000,00","1x Thunderbolt 4 support DisplayPort , GSYNC",Rog 14,ASUS,"QHD+ 16:10 (2560 x 1600, WQXGA)Mini LED",240Hz,2.65 Kg 
15,ROG Zephyrus G14 (2023),GA402,AMD Ryzen 7,NVIDIA GeForce RTX 4050 ,512GB ,16GB ,Windows 11,"Rp23.999.000,00","1x Type C USB 4 support DisplayPort , power delivery",Rog 15,ASUS,"QHD+ 16:10 (2560 x 1600, WQXGA)IPSlevel",144Hz,1.72 Kg 
16,ROG Zephyrus G14 (2022),GA402RJ,AMD Ryzen 9 ,AMD Radeon RX 6700S,512GB  ,8GB ,Windows 11,"Rp21.499.000,00","1x USB 3.2 Gen 2 TypeC support DisplayPort , power delivery",Rog 16,ASUS,"FHD+ 16:10 (1920 x 1200, WUXGA)IPSlevel",144Hz,1.72 Kg 
17,Asus TUF Dash F15,FX516,Intel Core i7 11370H,Nvidia GeForce RTX 3050,512GB ,16GB ,Windows 11,"Rp21.999.000,00","3x USB 3.2 Gen 2, Thunderbolt 4 USBC, HDMI, Audio Jack 3.5, LAN Port",,ASUS,FHD (1920 x 1080) 16:9 anglare display,144Hz,2.00 Kg 
18,ASUS Zenbook DUO,UX8406,Intel Core i7 ,Intel Iris Xe Graphics,1TB  ,32 GB ,Windows 11,Rp16.999.000,"2x Thunderbolt 4 supports display , power delivery",,ASUS,14inch FHD (1920 x 1080) ,60Hz,1.06 Kg
19,ROG Flow X16 ,GV601, Intel Core i9 13th Gen,NVIDIA GeForce RTX 4060,1TB  ,8GB,Windows 11,Rp20.004.000,"1x Thunderbolt4 support DisplayPort, power delivery",,ASUS,16inch QHD+ (2560 x 1600),240Hz,2.09 Kg 
20,ASUS Zenbook S 13 OLED,UX5304,Intel Core i7,Intel Iris Xe Graphics,1TB  ,16GB,Windows 11,Rp24.999.000,2x Thunderbolt4 supports display / power delivery,,ASUS,"13.3inch, 3K (2880 x 1800)",60Hz ,1.1 kg
21,Zenbook 14 Ultralight ,UX435,Intel Core i7 11th Gen,Intel Iris Xe Graphics,1 TB  ,16 GB,Windows 11,Rp20.999.000,2 x Thunderbolt4 USB-C (up to 40 Gbps),,ASUS,14inch FHD (1920 x 1080) ,60Hz ,0.98 Kg
22,ROG Flow X13,GV302,AMD Ryzen 9,NVIDIA GeForce RTX4050 ,1TB  ,8GB,Windows 11,Rp29.999.000,"1x ROG XG Mobile Interface and USB Type-C combo port (with USB 3.2 Gen2, support DisplayPort1.4)",,ASUS,"13.4-inch QHD+ 16:10 (2560 x 1600, WQXGA)",144Hz, 1.3kg
23,ROG Flow X13 ,GV302XI,AMD Ryzen 9 ,NVIDIA GeForce RTX4090 ,1TB  ,32GB,Windows 11,Rp35.999.000,1x USB 3.2 Gen 2 Type-C support DisplayPort/ power delivery,,ASUS,"13.4-inch QHD+ 16:10 (2560 x 1600, WQXGA)",165Hz, 1.3kg
24,Zenbook 14 Flip OLED,UN5401,Intel Core 9 ,NVIDIA GeForce RTX 4070,1TB ,16GB,Windows 11,Rp40.999.000,1x Thunderbolt4 support DisplayPort/ power delivery,,ASUS,"16-inch 2.5K (2560 x 1600, WQXGA)",240Hz, 1.4 kg
25,ASUS Vivobook S 15 OLED BAPE Edition,K5504,Intel Core i5,Intel Iris Xe Graphics,512GB  ,16GB,Windows 11,"              Rp 20,299,000",1x Thunderbolt4 supports display / power delivery,,ASUS,"15.6-inch, 2.8K (2880 x 1620)",120Hz ,1.7kg
26,ASUS Vivobook Go 14,E1404F,AMD Ryzen 3,AMD Radeon ,512GB  ,8GB,Windows 11,Rp5.599.000,1x USB 3.2 Gen 2 Type-C support DisplayPort/ power delivery,,ASUS,"14.0-inch, FHD (1920 x 1080) ",60Hz,1.38 kg
27,ASUS Zenbook Pro 14 OLED,UX6404,Intel Core i9,NVIDIA GeForce RTX 4070,1TB ,16GB,Windows 11,Rp34.999.000,1x Thunderbolt 4 supports display / power delivery,,ASUS,"14.5-inch, 3K (2880 x 1800)",120Hz,1.6 kg
28,ASUS TUF Gaming F15 ,FX506,Intel Core i7,NVIDIA GeForce RTX 3050,512GB  ,8GB,Windows 11,Rp11.499.000,2x USB 3.2 Gen 2 Type-C support display / power delivery,,ASUS,"15.6-inch, FHD (1920 x 1080)",144Hz,2.30 Kg
29,ASUS TUF Gaming F15 ,FX506HM,Intel Core i9,NVIDIA GeForce RTX 3060 ,512GB  ,8GB,Windows 11,Rp12.100.000,2x USB 3.2 Gen 2 Type-C support display / power delivery,,ASUS,"15.6-inch, FHD (1920 x 1080)",144Hz,2.20Kg
30,ASUS TUF Gaming F17 ,FX706,Intel Core i7, NVIDIA GeForce GTX 1650,1TB , 8GB,Windows 11,"Rp11.000.000,00",1x USB 3.2 Gen 2 Type-C,,ASUS,17.3-inch Full HD (1920 x 1080),144Hz,2.60 Kg
31,ASUS TUF Gaming A15 , FA506,AMD Ryzen 5,NVIDIA GeForce GTX 1650,1 TB  ,16 GB,Windows 11,"Rp15.499.000,00",1x USB 3.2 Gen 2 Type-C support display / power delivery,,ASUS, 15.6-inch Full HD (1920 x 1080), 144Hz,2.30 Kg
32,ASUS ROG Zephyrus M16 ,GU604,Intel Core i9-13900H, NVIDIA GeForce  RTX 4070,1TB ,32GB,Windows 11,"Rp43.999.000,00",1x Thunderbolt 4 supports display / power delivery,,ASUS,16-inch ROG Nebula HDR QHD+ (2560 x 1600),240Hz,2.00Kg
33,ASUS ROG Zephyrus Duo 15,GX550,Intel Core i9 10980HK,NVIDIA GeForce RTX 2080,2TB  ,32GB,Windows 11,"Rp71.999.000,00",1x Thunderbolt 4 supports display / power delivery,,ASUS,16-inch HDR QHD (2560 x 1600),240Hz,2.20Kg
34,ASUS ROG Zephyrus Duo 16,GX65,AMD Ryzen 9 7945HX. ,NVIDIA GeForce RTX 4070 ,1 TB  ,16GB,Windows 11,"Rp60.999.000,00",1x USB 3.2 Gen 2 Type-C support display / power delivery,,ASUS,16-inch HDR QHD (2560 x 1600),240Hz, 2.67 kg
35,ASUS VivoBook S14 ,S433FA,Intel Core i5 10210U ,Intel  HD Graphics 520,512GB  ,8GB,Windows 10 ,"Rp8.510.600,00",2x USB 3.2 Gen 2 Type-C support display / power delivery,,ASUS,"14.0-inch, FHD (1920 x 1080) ",60Hz,1.40 kg
36,ASUS VivoBook S14 ,S433FL,Intel Core i5 10210U ,NVIDIA GeForce MX250,512GB  ,8GB,Windows 10 ,"Rp8.510.600,00",2x USB 3.2 Gen 2 Type-C support display / power delivery,,ASUS,"14.0-inch, FHD (1920 x 1080)",60Hz,1.40 kg
37,ASUS Zenbook 14 OLED,UX3405MA,Intel Core  Ultra 7 ,Intel Arc Graphics,1TB  ,32GB,Windows 11,"Rp16.999.000,00",2x USB 3.2 Gen 2 Type-C support display / power delivery,,ASUS,"14.0-inch, 3K (2880 x 1800) ",120Hz,1.20 kg
38,ASUS Zenbook 14,UM3402,AMD Ryzen 5 5625U,AMD Radeon Graphics,512 GB ,8GB,Windows 10 ,"Rp9.990.000,00",2x USB 3.2 Gen 2 Type-C support display / power delivery,,ASUS,15.6-inch ( 3840 x 2160),120hz,2.1 kg
39,ASUS  Zenbook Pro 15,UX535LI,Intel Core i710870H,NVIDIA GeForce GTX 1650,1 TB  , 16GB,Windows 11,"Rp14.699.000,00",2x USB 3.2 Gen 2 Type-C support display / power delivery,,ASUS,"15.6"" OLED, 3840 x 2160",120Hz,2.1 Kg
40,Lenovo ThinkPad L13 Yoga G2,20VK003HID,Intel Core i5 1135G7,Intel Iris Xe,512GB ,16GB,Windows 11,"Rp18.999.000,00","1x USB 3.2 Gen 1 (Always On),1x Ethernet extension connector,1x HDMI 2.0,1x microSD card reader,1x USB-C 3.2 Gen 2",Thinkpad 1,Lenovo,"13.3"" FHD (1920x1080) IPS",60hz,1.44kg
41,Lenovo ThinkPad Z16 Gen 1 ,21D4002YID,AMD Ryzen 7 PRO 6850H,AMD Radeon RX 6500M,512GB ,16GB,Windows 11,"Rp45.920.000,00","1x USB 3.2 Gen 1 (Always On),1x Ethernet extension connector,1x HDMI 2.0,1x microSD card reader,1x USB-C 3.2 Gen 2",Thinkpad 2,Lenovo,"16"" WQUXGA (3840x2400) OLED 400nits",60hz,1.94kg
42,Lenovo ThinkPad X13 Gen 3,21CM004TID,AMD Ryzen 5 PRO 6650U,AMD Radeon 660M,512GB ,8GB,Windows 11,"Rp14.999.000,00","1x USB 3.2 Gen 1 (Always On),1x Ethernet extension connector,1x HDMI 2.0,1x microSD card reader,1x USB-C 3.2 Gen 2",Thinkpad 3,Lenovo,"13.3"" WUXGA (1920x1200) IPS 500nits",60hz,1.38kg
43,Lenovo ThinkPad L13 Yoga Gen 3,21B5004PID,Intel Core i5 1235U,Intel Iris Xe,512GB ,16GB,Windows 11,"Rp23.360.000,00","1x USB 3.2 Gen 1 (Always On),1x Ethernet extension connector,1x HDMI 2.0,1x microSD card reader,1x USB-C 3.2 Gen 2",Thinkpad 4,Lenovo,"13.3"" WUXGA (1920x1200) IPS",60hz,1.32kg
44,Lenovo ThinkPad L13 Gen 4,21FG002VID,Intel Core i7 1355U,Intel Iris Xe,1 TB  ,16GB,Windows 11,"Rp23.750.000,00","1x USB 3.2 Gen 1 (Always On),1x Ethernet extension connector,1x HDMI 2.0,1x microSD card reader,1x USB-C 3.2 Gen 2",Thinkpad 5,Lenovo,"13.3"" WUXGA (1920x1200) IPS",60hz,1.26kg
45,Lenovo ThinkPad X13 Yoga Gen 3,21AW0054ID,Intel Core i7 1265U,Intel Iris Xe,1 TB  ,16GB,Windows 11,"Rp29.999.000,00","1x USB 3.2 Gen 1 (Always On),1x Ethernet extension connector,1x HDMI 2.0,1x microSD card reader,1x USB-C 3.2 Gen 2",Thinkpad 6,Lenovo,"13.3"" WUXGA (1920x1200) IPS",60hz,1.28kg
46,Lenovo ThinkPad E14 Gen 5,21JK00AVID,Intel Core i7 1355U,Intel Iris Xe,512GB ,8GB,Windows 11,"Rp19.999.000,00","1x USB 3.2 Gen 1 (Always On),1x Ethernet extension connector,1x HDMI 2.0,1x microSD card reader,1x USB-C 3.2 Gen 2",Thinkpad 7,Lenovo,"14"" WUXGA (1920x1200) IPS 300nits",60hz,1.53kg
47,Lenovo ThinkPad T14 Gen 4,21HD00A8ID,Intel Core i5 1335U,Intel Iris Xe,512GB ,16GB,Windows 11,"Rp25.000.000,00","1x USB 3.2 Gen 1 (Always On),1x Ethernet extension connector,1x HDMI 2.0,1x microSD card reader,1x USB-C 3.2 Gen 2",Thinkpad 8,Lenovo,"14"" WUXGA (1920x1200) IPS",60hz,1.36kg
48,Lenovo ThinkPad X13 Gen 4,21EX0062ID,Intel Core i5 1345U,Intel Iris Xe,512GB ,16GB,Windows 11,"Rp25.250.000,00","1x USB 3.2 Gen 1 (Always On),1x Ethernet extension connector,1x HDMI 2.0,1x microSD card reader,1x USB-C 3.2 Gen 2",Thinkpad 9,Lenovo,"13.3"" WUXGA (1920x1200) IPS",60hz,1.25kg
49,Lenovo ThinkPad X13 Yoga Gen 4,21F2005KID,Intel Core i5 1345U,Intel Iris Xe,512GB ,16GB,Windows 11,"Rp28.400.000,00","1x USB 3.2 Gen 1 (Always On),1x Ethernet extension connector,1x HDMI 2.0,1x microSD card reader,1x USB-C 3.2 Gen 2",Thinkpad 10,Lenovo,"13.3"" WUXGA (1920x1200) IPS 300nits",60hz,1.21kg
50,Lenovo ThinkPad X1 Carbon Gen 11,21HM0098ID,Intel Core i7 1365U,Intel Iris Xe,1 TB  ,16GB,Windows 11,"Rp33.650.000,00","1x USB 3.2 Gen 1 (Always On),1x Ethernet extension connector,1x HDMI 2.0,1x microSD card reader,1x USB-C 3.2 Gen 2",Thinkpad 11,Lenovo,"14"" WUXGA (1920x1200) IPS",60hz,1.12kg
51,Lenovo ThinkPad X1 Nano Gen 3,21K1000KID,Intel Core i7 1370P,Intel Iris Xe,1 TB  ,16GB,Windows 11,"Rp36.550.000,00","1x USB 3.2 Gen 1 (Always On),1x Ethernet extension connector,1x HDMI 2.0,1x microSD card reader,1x USB-C 3.2 Gen 2",Thinkpad 12,Lenovo,"13"" 2K (2160x1350) IPS",60hz,0.9kg
52,Lenovo ThinkPad P16 Gen 2,21FAS04200,Intel Core i9 13950HX,NVIDIA GeForce RTX 3500,1 TB  ,32GB,Windows 11,"Rp61.200.000,00","1x USB 3.2 Gen 1 (Always On),1x Ethernet extension connector,1x HDMI 2.0,1x microSD card reader,1x USB-C 3.2 Gen 2",Thinkpad 13,Lenovo,"16"" WQXGA (2560x1600)",60hz, 2.95kg
53,Lenovo ThinkPad P16v Gen 1,21FCS00W00,Intel Core i7 13700H,NVIDIA GeForce RTX A500,1 TB  ,16GB,Windows 11,"Rp32.900.000,00","1x USB 3.2 Gen 1 (Always On),1x Ethernet extension connector,1x HDMI 2.0,1x microSD card reader,1x USB-C 3.2 Gen 2",Thinkpad 14,Lenovo,"16"" WUXGA (1920x1200) IPS",60hz, 2.2kg
54,Lenovo ThinkPad X1 Yoga Gen 8,21HQ007YID,Intel Core i7 1365U,Intel Iris Xe,1 TB  ,16GB,Windows 11,"Rp35.000.000,00","1x USB 3.2 Gen 1 (Always On),1x Ethernet extension connector,1x HDMI 2.0,1x microSD card reader,1x USB-C 3.2 Gen 2",Thinkpad 15,Lenovo,"14"" WUXGA (1920x1200) IPS",60hz,1.38kg
55,Lenovo ThinkPad L13 Yoga Gen 4,21FJ002AID,Intel Core i5 1335U,Intel Iris Xe,512GB ,16GB,Windows 11,"Rp22.750.000,00","1x USB 3.2 Gen 1 (Always On),1x Ethernet extension connector,1x HDMI 2.0,1x microSD card reader,1x USB-C 3.2 Gen 2",Thinkpad 16,Lenovo,"13.3"" WUXGA (1920x1200) IPS",60hz,1.32kg
56,Lenovo ThinkBook 14 G3 ACL,21A200LSID,AMD Ryzen 3 5300U,AMD Radeon Graphics,512GB ,4GB,Windows 11,"Rp7.399.000,00","1x USB 3.2 Gen 1,1x HDMI 1.4b,1x USB 3.2 Gen 1 (Always On),1x Ethernet (RJ-45)",Thinkbook 1,Lenovo,"14"" FHD (1920x1080) IPS",60hz,1.4kg
57,Lenovo ThinkBook 14 G4 IAP,21DH00LKID,Intel Core i7 1255U,Intel Iris Xe,1 TB  ,8GB,Windows 11,"Rp15.999.000,00","1x USB 3.2 Gen 1,1x HDMI 1.4b,1x USB 3.2 Gen 1 (Always On),1x Ethernet (RJ-45)",Thinkbook 2,Lenovo,"14"" FHD (1920x1080) IPS",60hz,1.4kg
58,Lenovo ThinkBook 13s G4 IAP,21AR008EID,Intel Core i7 1260P,Intel Iris Xe,1 TB  ,16GB,Windows 11,"Rp16.999.000,00","1x USB 3.2 Gen 1,1x HDMI 1.4b,1x USB 3.2 Gen 1 (Always On),1x Ethernet (RJ-45)",Thinkbook 3,Lenovo,"13.3"" WQXGA (2560x1600) IPS",60hz,1.23kg
59,Lenovo ThinkBook 14s Yoga G3 IRU,21JG0047ID,Intel Core i5 1335U,Intel Iris Xe,512GB ,8GB,Windows 11,"Rp13.999.000,00","1x USB 3.2 Gen 1,1x HDMI 1.4b,1x USB 3.2 Gen 1 (Always On),1x Ethernet (RJ-45)",Thinkbook 4,Lenovo,"14"" FHD (1920x1080) IPS ",60hz,1.5kg
60,Lenovo ThinkBook 14 G6 IRL,21KG00BYID,Intel Core i5 1335U,Intel Iris Xe,512GB ,8GB,Windows 11,"Rp13.299.000,00","1x USB 3.2 Gen 1,1x HDMI 1.4b,1x USB 3.2 Gen 1 (Always On),1x Ethernet (RJ-45)",Thinkbook 5,Lenovo,"14"" WUXGA (1920x1200)",60hz,1.38kg
61,Lenovo Legion Slim 5 16IRH8,82YA008KID,Intel Core i7 13700H,NVIDIA GEFORCE RTX 4060,512GB ,16GB,Windows 11,"Rp24.799.000,00","1x USB 3.2 Gen 2 (Always On),1x USB-C 3.2 Gen 2,1x USB-C 3.2 Gen 2,1x HDMI, up to 8K/30Hz,1x Card reader,1x Ethernet (RJ-45)",Legion 1,Lenovo,"16"" WQXGA (2560x1600) IPS",165Hz,2.4kg
62,Lenovo Legion Pro 5 16IRX8,82WK008MID,Intel Core i9 13900HX,NVIDIA GEFORCE RTX 4060,1 TB  ,16GB,Windows 11,"Rp28.499.000,00","1x USB 3.2 Gen 2 (Always On),1x USB-C 3.2 Gen 2,1x USB-C 3.2 Gen 2,1x HDMI, up to 8K/30Hz,1x Card reader,1x Ethernet (RJ-45)",Legion 2,Lenovo,"16"" WQXGA (2560x1600) IPS",240Hz,2.55kg
63,Lenovo Legion Slim 7 16IRH8,82Y30029ID,Intel Core i9 13900H,NVIDIA GeForce RTX 4070,1 TB  ,16GB,Windows 11,"Rp36.999.000,00","1x USB 3.2 Gen 2 (Always On),1x USB-C 3.2 Gen 2,1x USB-C 3.2 Gen 2,1x HDMI, up to 8K/30Hz,1x Card reader,1x Ethernet (RJ-45)",Legion 3,Lenovo,"16"" 3.2K (3200x2000) IPS",165Hz,2kg
64,Lenovo Legion Slim 7i 16IRH8,82Y3002AID,Intel Core i7 13700H,NVIDIA GEFORCE RTX 4060,1 TB  ,16GB,Windows 11,"Rp31.199.000,00","1x USB 3.2 Gen 2 (Always On),1x USB-C 3.2 Gen 2,1x USB-C 3.2 Gen 2,1x HDMI, up to 8K/30Hz,1x Card reader,1x Ethernet (RJ-45)",Legion 4,Lenovo,"16"" 3.2K (3200x2000) IPS",165Hz,2kg
65,Lenovo Legion Slim 5 16AHP9,83DH000KID,AMD Ryzen 7 8845HS,NVIDIA GEFORCE RTX 4060,512GB ,16GB,Windows 11,"Rp24.999.000,00","1x USB 3.2 Gen 2 (Always On),1x USB-C 3.2 Gen 2,1x USB-C 3.2 Gen 2,1x HDMI, up to 8K/30Hz,1x Card reader,1x Ethernet (RJ-45)",Legion 5,Lenovo,"16"" WQXGA (2560x1600) IPS",165Hz,2.3kg
66,Lenovo Legion 5 16IRX9,83DG000AID,Intel Core i7 14650HX,NVIDIA GEFORCE RTX 4060,512GB ,16GB,Windows 11,"Rp26.999.000,00","1x USB 3.2 Gen 2 (Always On),1x USB-C 3.2 Gen 2,1x USB-C 3.2 Gen 2,1x HDMI, up to 8K/30Hz,1x Card reader,1x Ethernet (RJ-45)",Legion 6,Lenovo,"16"" WQXGA (2560x1600) IPS",165Hz,2.3kg
67,Lenovo Legion Pro 5 16IRX9,83DF003LID,Intel Core i7 14650HX,NVIDIA GEFORCE RTX 4060,1 TB  ,16GB,Windows 11,"Rp28.999.000,00","1x USB 3.2 Gen 2 (Always On),1x USB-C 3.2 Gen 2,1x USB-C 3.2 Gen 2,1x HDMI, up to 8K/30Hz,1x Card reader,1x Ethernet (RJ-45)",Legion 7,Lenovo,"16"" WQXGA (2560x1600) IPS",240Hz,2.3kg
68,Lenovo V14 G2 ITL,82KA017NID,Intel Core i7 1165G7,Intel Iris Xe,512GB ,8GB,Windows 11,"Rp10.399.000,00","1x USB 3.2 Gen 1,1x USB-C 3.2 Gen 1,1x HDMI 1.4b,1x Ethernet (RJ-45)",Vseries 1,Lenovo,"14"" FHD (1920x1080) TN 250nits",60hz,1.6kg
69,Lenovo V14 G3 IAP,82TS00AMID,Intel Core i3 1215U,Intel UHD Graphics,256 GB ,8GB,Windows 11,"Rp6.099.000,00","1x USB 3.2 Gen 1,1x USB-C 3.2 Gen 1,1x HDMI 1.4b,1x Ethernet (RJ-45)",Vseries 2,Lenovo,"14"" FHD (1920x1080) TN 250nits",60hz,1.43kg
70,Lenovo V14 G4 AMN,82YT000FID,AMD Ryzen 3 7320U,AMD Radeon 610M Graphics,256 GB ,8GB,Windows 11,"Rp8.499.000,00","1x USB 3.2 Gen 1,1x USB-C 3.2 Gen 1,1x HDMI 1.4b,1x Ethernet (RJ-45)",Vseries 3,Lenovo,"14"" FHD (1920x1080) TN 250nits",60hz,1.43kg
71,Lenovo V15 G3 IAP,82TT00PLID,Intel Core i3 1215U,Intel UHD Graphics,512GB ,16GB,Windows 11,"Rp5.349.000,00","1x USB 3.2 Gen 1,1x USB-C 3.2 Gen 1,1x HDMI 1.4b,1x Ethernet (RJ-45)",Vseries 4,Lenovo,"15.6"" FHD (1920x1080) IPS",60hz,1.7kg
72,Lenovo V14 G4 IRU,83A000AKID,Intel Core i5 13420H,Intel UHD Graphics,512GB ,8GB,Windows 11,"Rp9.499.000,00","1x USB 3.2 Gen 1,1x USB-C 3.2 Gen 1,1x HDMI 1.4b,1x Ethernet (RJ-45)",Vseries 5,Lenovo,"14"" FHD (1920x1080) IPS",60hz,1.43kg
73,Lenovo IdeaPad Gaming 3 15ACH6,82K2027FID,AMD Ryzen 5 5500H,NVIDIA GeForce RTX 2050,512GB ,8GB,Windows 11,"Rp9.999.000,00","1x HDMI 2.0,1x Headphone / microphone combo jack (3.5mm),1x Power connector,1x USB-C 3.2 Gen 1,2x USB 3.2 Gen 1",Ideapad 1,Lenovo,"15.6"" FHD (1920x1080) IPS",144Hz,2.25kg
74,Lenovo IdeaPad Slim3i 14IAU7,82RJ00CNID,Intel Core i3 1215U,Intel UHD Graphics,256 GB ,8GB,Windows 11,"Rp6.199.000,00","1x HDMI 2.0,1x Headphone / microphone combo jack (3.5mm),1x Power connector,1x USB-C 3.2 Gen 1,2x USB 3.2 Gen 1",Ideapad 2,Lenovo,"14"" FHD (1920x1080) TN",60hz,1.5kg
75,Lenovo IdeaPad Flex 5 14IRU8,82Y0003KID,Intel Core i5 1335U,Intel Iris Xe,512GB ,16GB,Windows 11,"Rp12.499.000,00","1x HDMI 2.0,1x Headphone / microphone combo jack (3.5mm),1x Power connector,1x USB-C 3.2 Gen 1,2x USB 3.2 Gen 1",Ideapad 3,Lenovo,"14"" WUXGA (1920x1200) IPS",60hz,1.43kg
76,Lenovo IdeaPad Flex 5 14ABR8,82XX006MID,AMD Ryzen 7 7730U,AMD Radeon Graphics,512GB ,16GB,Windows 11,"Rp12.299.000,00","1x HDMI 2.0,1x Headphone / microphone combo jack (3.5mm),1x Power connector,1x USB-C 3.2 Gen 1,2x USB 3.2 Gen 1",Ideapad 4,Lenovo,"14"" WUXGA (1920x1200) IPS",60hz,1.55kg
77,Lenovo IdeaPad Slim 5 14ABR8,82XE005YID,AMD Ryzen 5 7530U,AMD Radeon Graphics,512GB ,16GB,Windows 11,"Rp9.599.000,00","1x HDMI 2.0,1x Headphone / microphone combo jack (3.5mm),1x Power connector,1x USB-C 3.2 Gen 1,2x USB 3.2 Gen 1",Ideapad 5,Lenovo,"14"" WUXGA (1920x1200) IPS",60hz,1.46kg
78,Lenovo IdeaPad Duet 3i 11IAN8,82XK002XID,Intel N200,Intel UHD Graphics,256 GB ,8GB,Windows 11,"Rp8.799.000,00","1x HDMI 2.0,1x Headphone / microphone combo jack (3.5mm),1x Power connector,1x USB-C 3.2 Gen 1,2x USB 3.2 Gen 1",Ideapad 6,Lenovo,"11.5"" 2K (2000x1200) IPS",60hz,1.14kg
79,Lenovo IdeaPad Slim 5 Light 14ABR8,82XS000PID,AMD Ryzen 7 7730U,AMD Radeon Graphics,512GB ,16GB,Windows 11,"Rp11.599.000,00","1x HDMI 2.0,1x Headphone / microphone combo jack (3.5mm),1x Power connector,1x USB-C 3.2 Gen 1,2x USB 3.2 Gen 1",Ideapad 7,Lenovo,"14"" FHD (1920x1080) IPS",60hz,1.17kg
80,Acer Swift X 14 AI,SFX1472G,Intel Core Ultra 7 155H,NVIDIA GEFORCE RTX 4060,1 TB ,32 GB,Windows 11,"Rp27.999.000,00","USBA 3.2 Gen 1,USBC 3.2 Gen 2,Ethernet (RJ45)",Swift 1,Acer,"14.5"""" OLED, WQXGA+ 2880 x 1800,400 nits, 16:10",120Hz,2.1kg
81,Acer Swift Go 14,SFG1473,Intel Core Ultra 5 125H,Intel Arc Graphics,512 GB ,16 GB,Windows 11,"Rp12.499.000,00","USBA 3.2 Gen 1,USBC 3.2 Gen 2,Ethernet (RJ45)",Swift 2,Acer,"14.0"" 2.8K (2880 x 1800), IPS Display, 16:10, 300nits ",120Hz,1.91kg
82,Acer Swift X 14 Ultrathin,SFX1471G,Intel Core i7 13700H,NVIDIA GEFORCE RTX 4050,1 TB ,32 GB  ,Windows 11,"Rp24.499.000,00","USBA 3.2 Gen 1,USBC 3.2 Gen 2,Ethernet (RJ45)",Swift 3,Acer,"14.5"" OLED, WQXGA+ 2880 x 1800, 500 nits, 16:10",120Hz,1.79 kg
83,Acer Swift 14 Ultrathin,SF1471T,Intel Core i7 13700H,Intel Iris Xe Graphics 96 EU,1 TB ,16 GB  ,Windows 11,"Rp21.499.000,00","USBA 3.2 Gen 1,USBC 3.2 Gen 2,Ethernet (RJ45)",Swift 4,Acer,"14.0"""" IPS, WQXGA (QHD) 2560 x 1600, 16:10,425 nits.",120Hz,1.91kg
84,Acer Swift Go 14 (Touch),SFG1471T,Intel Core i7 13500H,Intel Iris Xe Graphics 96 EU,2 TB ,16 GB  ,Windows 11,"Rp15.199.000,00","USBA 3.2 Gen 1,USBC 3.2 Gen 2,Ethernet (RJ45)",Swift 5,Acer,"14.0"" Touchscreen, WUXGA (1920 x 1200), IPS Display, 16:10",120Hz,1.91kg
85,Acer Swift 3 Infinity 4 Ultrathin,SF314511,Intel Core i7 1165G7,Intel Iris Xe Graphics 96 EU,512 GB ,16 GB  ,Windows 11,"Rp15.649.000,00","USBA 3.2 Gen 1,USBC 3.2 Gen 2,Ethernet (RJ45)",Swift 6,Acer,"14"" IPS, Full HD (1920 x 1080), high-brightness (300nits)",120Hz,2.5kg
86,Acer Swift 5 Aerospace Ultrathin,SF51456T,Intel Core i7 1260P,Intel Iris Xe Graphics 80 EU,1 TB ,16 GB  ,Windows 11,"Rp20.499.000,00","USBA 3.2 Gen 1,USBC 3.2 Gen 2,Ethernet (RJ45)",Swift 7,Acer,"14.0"""" IPS, WQXGA (QHD) 2560 x 1600, 16:10",120Hz,1.91kg
87,Acer Swift Go Ultrathin,SFG1441,AMD Ryzen 7 7730U,AMD Radeon Graphics,512 GB ,16 GB  ,Windows 11,"Rp12.499.000,00","USBC 3.2 Gen 1 (full funcon),2 x USBA 3.2 Gen 1",Swift 8,Acer,"14"" IPS Full HD 1920 x 1080",120Hz,1.91kg
88,Acer Swift Edge 16 inch Ultrathin,SFA1641,AMD Ryzen 5 6600U,AMD Radeon 660M,512 GB ,16 GB  ,Windows 11,"Rp16.999.000,00","USBA 3.2 Gen 1,USBC 3.2 Gen 2,Ethernet (RJ45)",Swift 9,Acer,"16"" 4K (3840 x 2400), OLED with TUV",60Hz,1.1kg
89,Acer Swift Go 14 OLED,SFG1471,Intel Core i7 13700H,Intel Iris Xe Graphics 96 EU,1 TB ,16 GB  ,Windows 11,"Rp15.499.000,00","1x USB 3.2 Gen 2 TypeC support display , power delivery 1x USB 3.2 Gen 2 TypeC 2x USB 3.2 Gen 1 TypeA 1x 2.5G LAN port",Swift 10,Acer,"14-0"" OLED, WQXGA+ (2880 x 1800)",90Hz,1.3kg
90,Acer Swift Go OLED Special,SFG1471,Intel Core i5 13500H,Intel Iris Xe Graphics 80 EU,512 GB ,16 GB  ,Windows 11,"Rp13.199.000,00","1x USB 3.2 Gen 2 TypeC support display , power delivery 1x USB 3.2 Gen 2 TypeC 2x USB 3.2 Gen 1 TypeA 1x 2.5G LAN port",Swift 11,Acer,"14.0"" OLED, WQXGA+ (2880 x 1800)",90Hz,1.3kg
91,Acer Swift 14 Ultrathin Core i5,SF1471T,Intel Core i5 13500H,Intel Iris Xe Graphics 80 EU,512 GB ,16 GB  ,Windows 11,"Rp18.499.000,00","USBA 3.2 Gen 1,USBC 3.2 Gen 2,Ethernet (RJ45)",Swift 12,Acer,"14.0"""" IPS, WQXGA (QHD) 2560 x 1600, 16:10",60Hz,1.91kg
92,Acer Swift 3 Now,SF314512,Intel Core i5 1240P,Intel Iris Xe Graphics 80 EU,512 GB ,16 GB  ,Windows 11,"Rp11.249.000,00","1x USB 3.2 Gen 2 TypeC support display , power delivery 1x USB 3.2 Gen 2 TypeC 2x USB 3.2 Gen 1 TypeA 1x 2.5G LAN port",Swift 13,Acer,"14” QHD (2560 x 1440), IPS 100%",60Hz,1.79 kg
93,Acer Swift 3 OLED Ultrathin,SF314-71,Intel Core i7 12700H,Intel Iris Xe Graphics 96 EU,1 TB ,16 GB  ,Windows 11,"Rp15.199.000,00","USBA 3.2 Gen 1,USBC 3.2 Gen 2,Ethernet (RJ45)",Swift 14,Acer,"14"" 2.8K (2880 x 1800), OLED with TUV",60Hz,1.91kg
94,Acer Aspire 3 Slim,A31436M,Intel Core i3 N305,Intel UHD Graphics,256 GB ,8 GB ,Windows 11,"Rp5.949.000,00","USBA 3.2 Gen 1,USBC 3.2 Gen 2",Aspire 1,Acer,"14.0"" FHD 1920 x 1080",60Hz,1.79 kg
95,Acer Aspire 3 Spin 14,A3SP1431PT,Intel Core i3 N305,Intel UHD Graphics,512 GB ,8 GB ,Windows 11,"Rp8.499.000,00","USBA 3.2 Gen 1,USBC 3.2 Gen 3",Aspire 2,Acer,"14"" WUXGA (1920 x 1200), IPS Display",60Hz,1.79 kg
96,Acer Aspire Spin 14 Laptop,ASP1451MTN,Intel Core 3 100U,Intel Graphics 64 EU,512 GB ,16 GB  ,Windows 11,"Rp10.499.000,00","USBA 3.2 Gen 1,USBC 3.2 ",Aspire 3,Acer,"14"" Touchscreen with Stylus, WUXGA 1920 x 1200, IPS",60Hz,1.91kg
97,Acer Aspire 5 Slim ,A51456P,Intel Core i5 1335U,Intel Iris Xe Graphics,512 GB ,8 GB ,Windows 11,"Rp8.899.000,00","USBA 3.2 Gen 1,USBC 3.2 Gen 2,Ethernet (RJ45)",Aspire 4,Acer,"14"" WUXGA 1920 x 1200, IPS Display, Acer ComfyView",60Hz,2.1kg
98,Acer Aspire Lite Special Edion,AL1451M,Intel Core i5 1335U,Intel UHD Graphics,512 GB ,16 GB ,Windows 11,"Rp8.999.000,00","USBA 3.2 Gen 1,USBC 3.2 Gen 2,Ethernet (RJ45)",Aspire 5,Acer,"14"" WUXGA 1920 x 1080, IPS",60Hz,2.1kg
99,Acer Aspire 14,A1451M,Intel Core 7  120U,Intel Graphics 96 EU,512 GB ,16 GB,Windows 11,"Rp13.099.000,00","USBA 3.2 Gen 1,USBC 3.2 Gen 2,Ethernet (RJ45)",Aspire 6,Acer,"14"" WUXGA 1920 x 1200, IPS",60Hz,2.3kg
100,Acer Aspire Lite,AL1431P,Intel N100 Processor,Intel UHD Graphics,512 GB ,8 GB ,Windows 11,"Rp5.099.000,00","USBA 3.2 Gen 1,USBC 3.2 Gen 2",Aspire 7,Acer,"14"" WUXGA 1920 x 1200, IPS",60Hz,2.1kg
101,Acer Aspire 5 Spin 14,A5SP1451MTN,Intel Core i5 1335U,Intel Iris Xe 80 EU,512 GB ,16 GB,Windows 11,"Rp11.999.000,00","USBA 3.2 Gen 1,USBC 3.2 Gen 2,Ethernet (RJ45)",Aspire 8,Acer,"14"" WUXGA (1920 x 1200), IPS Display",60Hz,1.91kg
102,Acer Aspire 5 Spin 14 One Piece,A5SP1451MTN,Intel Core i7 1355U,Intel Iris Xe 96 EU,512 GB ,16 GB,Windows 11,"Rp15.499.000,00","USBA 3.2 Gen 1,USBC 3.2 Gen 2",Aspire 9,Acer,"14"" WUXGA (1920 x 1200), IPS Display",60Hz,2.1kg
103,Acer Aspire 7 Gaming,A71576G53GV,Intel Core i5 2450H,NVIDIA GeForce RTX 2050,512 GB ,16 GB,Windows 11,"Rp10.599.000,00","USBA 3.2 Gen 1,USBC 3.2 Gen 2,Ethernet (RJ45)",Aspire 10,Acer,"15-6"" FHD, IPS",144Hz,2.3kg
104,Acer Aspire Vero,AV1452P,Intel Core i5 1335U,Intel Iris Xe Graphics 80 EU,512 GB ,16 GB,Windows 11,"Rp9.699.000,00",3 x USBC 3.2 Gen 1 (fullfuncon),Aspire 11,Acer,"14"", Full HD (1920 x 1080), IPS",60Hz,2.1kg
105,Acer Aspire 5 Slim Creator,A515-57G,Intel Core i5 1240P,NVIDIA GEFORCE RTX 2050,512 GB ,8 GB ,Windows 11,"Rp10.499.000,00","USBA 3.2 Gen 1,USBC 3.2 Gen 2,Ethernet (RJ45)",Aspire 12,Acer,"15.6"", Full HD (1920 x 1080), IPS",60Hz,1.91kg
106,Acer Spin 3 Active Convertible,SP31351N,Intel Core i5 1135G7,Intel Iris Xe Graphics 80 EU,512 GB ,8 GB ,Windows 11,"Rp13.125.000,00",3 x USBC 3.2 Gen 1 (fullfuncon),Spin 1,Acer,"13.3"" IPS WQXGA (2560 x 1600), high-brightness LED-backlit",60Hz,2.3kg
107,Acer Spin 5 Evo Convertible,SP51451N,Intel Core i5 1240P,Intel Iris Xe Graphics 80 EU,512 GB ,16 GB,Windows 11,"Rp16.499.000,00","USBA 3.2 Gen 1,USBC 3.2 Gen 2,Ethernet (RJ45)",Spin 2,Acer,"14"" 2.5K (WQXGA) 2560 x 1600, IPS, Touchscreen",60Hz,"1,2kg"
108,Acer Travelmate,TMP21454,Intel Core i5 1235U,Intel UHD,512 GB ,8 GB ,Windows 11,"Rp11.300.000,00","USBA 3.2 Gen 1,USBC 3.2 Gen 2,Ethernet (RJ45)",Travel 1,Acer,"14.0"" display with IPS, Full HD 1920 x 1080",60Hz,1.79 kg
109,Acer Nitro V 15 Core i5 RTX2050,ANV15515115,Intel Core i5 13420H,NVIDIA GeForce RTX 2050,512 GB ,8 GB ,Windows 11,"Rp11.499.000,00","USBA 3.2 Gen 1,USBC 3.2 Gen 2,Ethernet (RJ45)",Nitro 1,Acer,"15.6"" FHD LED IPS",144Hz,2.3kg
110,Acer Nitro V 15 Core i7 RTX2050,ANV155179Y1,Intel Core i7 13620H,NVIDIA GeForce RTX 2050,512 GB ,16 GB,Windows 11,"Rp14.049.000,00","USBA 3.2 Gen 1,USBC 3.2 Gen 2,Ethernet (RJ45)",Nitro 2,Acer,"15.6"" FHD LED IPS",144Hz,2.3kg
111,Acer Nitro 5 Core i7 RTX4060,AN51558710Q,Intel Core i7 12650H,NVIDIA GeForce RTX 4060,512 GB ,16 GB,Windows 11,"Rp18.999.000,00","1x USB 3.2 Gen 2 TypeC support display , power delivery 1x USB 3.2 Gen 2 TypeC 2x USB 3.2 Gen 1 TypeA 1x 2.5G LAN port",Nitro 3,Acer,"15.6"" FHD LED IPS",165Hz,2.24kg
112,Acer Nitro V 15 Special Edition,ANV1551901S,Intel Core i9 13900H,NVIDIA GeForce RTX 4060,512 GB ,16 GB,Windows 11,"Rp19.999.000,00","USBA 3.2 Gen 1,USBC 3.2 Gen 2,Ethernet (RJ45)",Nitro 4,Acer,"15.6"" FHD",144Hz,2.3kg
113,Acer Nitro V 15 Core i5 RTX4050,ANV15515115,Intel Core i5 13420H,NVIDIA GeForce RTX 4050,512 GB ,8 GB ,Windows 11,"Rp15.249.000,00","USBA 3.2 Gen 1,USBC 3.2 Gen 2,Ethernet (RJ45)",Nitro 5,Acer,"15.6"" FHD LED IPS",144Hz,2.3kg
114,Acer Nitro V 15 Core i7 RTX4050,ANV15515115,Intel Core i7 13620H,NVIDIA GeForce RTX 4050,512 GB ,16 GB,Windows 11,"Rp17.249.000,00","3x USB 3.2 Gen 2, Thunderbolt 4 USBC, HDMI, Audio Jack 3.5, LAN Port",Nitro 6,Acer,"15.6"" FHD LED IPS",144Hz,2.3kg
115,Acer Nitro 5 Core i5 RTX 3050,AN5155855E6,Intel Core i5 12500H,NVIDIA GeForce RTX 3050,512 GB ,8 GB ,Windows 11,"Rp13.499.000,00","3x USB 3.2 Gen 2, Thunderbolt 4 USBC, HDMI, Audio Jack 3.5, LAN Port",Nitro 7,Acer,"15.6"" FHD LED IPS",144Hz,2.24kg
116,Acer Nitro 5 Core i7 RTX 3050,AN5155859X8,Intel Core i7 12500H,NVIDIA GeForce RTX 3050,512 GB ,16 GB,Windows 11,"Rp16.399.000,00","3x USB 3.2 Gen 2, Thunderbolt 4 USBC, HDMI, Audio Jack 3.5, LAN Port",Nitro 8,Acer,"15.6"" FHD LED IPS",144Hz,2.3kg
117,Acer Nitro 5 R7 RTX 3050,AN51546R8YC,AMD Ryzen 7 6800H,NVIDIA GeForce RTX 3050,512 GB ,16 GB,Windows 11,"Rp16.499.000,00","3x USB 3.2 Gen 2, Thunderbolt 4 USBC, HDMI, Audio Jack 3.5, LAN Port",Nitro 9,Acer,"15.6"" FHD IPS",144Hz,2.3kg
118,Acer Nitro 5 Core i7 RTX4050,AN51558710Q,Intel Core i7 12650H,NVIDIA GeForce RTX 4050,512 GB ,16 GB,Windows 11,"Rp16.999.000,00","3x USB 3.2 Gen 2, Thunderbolt 4 USBC, HDMI, Audio Jack 3.5, LAN Port",Nitro 10,Acer,"15.6"" FHD LED IPS",165Hz,2.5kg
119,Acer Nitro 5 Core i7 RTX3050Ti,AN5155876GJ,Intel Core i7 12700H,NVIDIA GeForce RTX 3050Ti,512 GB ,16 GB,Windows 11,"Rp17.399.000,00","3x USB 3.2 Gen 2, Thunderbolt 4 USBC, HDMI, Audio Jack 3.5, LAN Port",Nitro 11,Acer,"15.6"" FHD LED IPS",144Hz,2.3kg
120,Acer Nitro 5 R7 RTX3060,AN51546R8PD,AMD Ryzen 7 6800H,Nvidia RTX 3060,512 GB ,16 GB,Windows 11,"Rp18.499.000,00","3x USB 3.2 Gen 2, Thunderbolt 4 USBC, HDMI, Audio Jack 3.5, LAN Port",Nitro 12,Acer,"15.6"" FHD LED IPS",165Hz,2.3kg
121,Acer Predator Helios Neo 16 Core i5,PHN167151TN,Intel Core i5 13450HX,NVIDIA GeForce RTX 4050 ,512 GB ,8 GB ,Windows 11,"Rp16.999.000,00","USBA 3.2 Gen 1,USBC 3.2 Gen 2,Ethernet (RJ45)",Predator 1,Acer,"16"" WUXGA",165Hz,2.5kg
122,Acer Predator Helios 300 ,PH3155575GP,Intel Core i7 12700H,NVIDIA GeForce RTX 3070Ti,512 GB ,16 GB,Windows 11,"Rp28.999.000,00","1x USB 3.2 Gen 2 TypeC support display , power delivery 1x USB 3.2 Gen 2 TypeC 2x USB 3.2 Gen 1 TypeA 1x 2.5G LAN port",Predator 2,Acer,"15.6"" QHD LED IPS",165Hz,2.5kg
123,Acer Predator Triton Neo 16 Core Ultra 7,PTN165171L8,Intel Core Ultra 7 155H,NVIDIA GeForce RTX 4060,1 TB ,32GB,Windows 11,"Rp28.999.000,00","1x USB 3.2 Gen 2 TypeC support display , power delivery 1x USB 3.2 Gen 2 TypeC 2x USB 3.2 Gen 1 TypeA 1x 2.5G LAN port",Predator 3,Acer,"16"" WQXGA",240Hz,2.3kg
124,Acer Predator Helios 300 SpatialLabs,PH31555s93XP,Intel Core i9 12900H,NVIDIA GeForce RTX 3080,1 TB ,32GB,Windows 11,"Rp54.999.000,00","3x USB 3.2 Gen 2, Thunderbolt 4 USBC, HDMI, Audio Jack 3.5, LAN Port",Predator 4,Acer,"15.6"" UHD LED IPS",240Hz,2.24kg
125,Acer Predator Helios 18,PH187199RG,Intel Core i9 13900HX,NVIDIA GeForce RTX 4080,1 TB ,32GB,Windows 11,"Rp59.999.000,00","1x USB 3.2 Gen 2 TypeC support display , power delivery 1x USB 3.2 Gen 2 TypeC 2x USB 3.2 Gen 1 TypeA 1x 2.5G LAN port",Predator 5,Acer,"18"" WQXGA 500nits",240Hz,2.5kg
126,Acer Triton 500SE,PT51652s,Intel Core i9 12900H,NVIDIA GeForce RTX 3080Ti,2 TB ,32GB,Windows 11,"Rp64.999.000,00","1x USB 3.2 Gen 2 TypeC support display , power delivery 1x USB 3.2 Gen 2 TypeC 2x USB 3.2 Gen 1 TypeA 1x 2.5G LAN port",Predator 6,Acer,16” WQXGA IPS,240Hz,2.8kg
127,Acer Predator Triton 300s,PT31452s78YY,Intel Core i7 12700H,NVIDIA GeForce RTX 3060,1 TB ,16 GB,Windows 11,"Rp23.749.000,00","USBA 3.2 Gen 1,USBC 3.2 Gen 2,Ethernet (RJ45)",Predator 7,Acer,"14"" WQXGA165Hz, 100% DCI-P3",165Hz,2.5kg
128,Acer Predator Helios 300 11th Gen,PH3154,Intel Core i7 11800H,NVIDIA GeForce RTX 3070,512 GB ,16 GB,Windows 11,"Rp25.999.000,00","1x USB 3.2 Gen 2 TypeC support display , power delivery 1x USB 3.2 Gen 2 TypeC 2x USB 3.2 Gen 1 TypeA 1x 2.5G LAN port",Predator 8,Acer,"15.6"" QHD LED IPS",165Hz,2.3kg
129,Acer Predator Helios 16,PH167199ZW,Intel Core i9 13900HX,NVIDIA GeForce RTX 4070,1 TB ,16 GB,Windows 11,"Rp37.999.000,00","1x USB 3.2 Gen 2 TypeC support display , power delivery 1x USB 3.2 Gen 2 TypeC 2x USB 3.2 Gen 1 TypeA 1x 2.5G LAN port",Predator 9,Acer,"16"" WQXGA",240Hz,2.8kg
130,HP 14S-DQ4016TU,745J5PA,Intel Core i5 1155G7,Intel Iris Xe Graphics,512 GB ,8 GB ,Windows 11,"Rp8.499.000,00","1 USB Type-C 5Gbps signaling rate,2 USB Type-A 5Gbps signaling rate",Essentials 1,HP,"(14"") diagonal, FHD (1920 x 1080), IPS",60Hz,1.46kg
131,HP 14S-DQ5118TU,8T481PA,Intel Core i5 1235U,Intel Iris Xe Graphics,512 GB ,8 GB ,Windows 11,"Rp8.799.000,00","1 USB Type-C 5Gbps signaling rate,2 USB Type-A 5Gbps signaling rate",Essentials 2,HP,"(14"") diagonal, FHD (1920 x 1080), micro-edge",60Hz,1.46kg
132,HP 240 G9 NOTEBOOK,9J1W4PT,Intel Core i3 1215U,Intel Iris Xe Graphics,256 GB ,8 GB ,Windows 11,"Rp6.670.000,00","1 USB Type-C 5Gbps signaling rate,2 USB Type-A 5Gbps signaling rate; ",Essentials 3,HP,"(14"") diagonal, HD (1366 x 768), narrow bezel, anti-glare, 250 nits",60Hz,1.47kg
133,HP 15S-FQ5148TU,8U215PA,Intel Core i3 1215U,Intel UHD Graphics,512 GB ,4 GB,Windows 11,"Rp6.599.000,00","1 USB Type-C 5Gbps signaling rate,2 USB Type-A 5Gbps signaling rate;",Essentials 4,HP,"(15.6"") diagonal, FHD (1920 x 1080),anti-glare, 250 nits",60Hz,1.69kg
134,HP 15S-EQ2088AU,960S7PA,AMD Ryzen 3 5300U,AMD Radeon Graphics,512 GB ,8 GB ,Windows 11,"Rp5.999.000,00","1 USB Type-C 5Gbps signaling rate,2 USB Type-A 5Gbps signaling rate;",Essentials 5,HP,"(15.6"") diagonal, FHD (1920 x 1080), micro-edge",60Hz,1.69kg
135,HP 14S-DQ4029TU,8F103PA,Intel Core i5 1155G7,Intel Iris Xe Graphics,512 GB ,8 GB ,Windows 11,"Rp8.499.000,00","1 USB Type-C 5Gbps signaling rate,2 USB Type-A 5Gbps signaling rate;",Essentials 6,HP,"(14"") diagonal, FHD (1920 x 1080), IPS",60Hz,1.46kg
136,HP 14S-FQ1009AU,94B54PA,AMD Ryzen 3 5300U,AMD Radeon Graphics,512 GB ,8 GB ,Windows 11,"Rp6.499.000,00","1 USB Type-C 5Gbps signaling rate,2 USB Type-A 5Gbps signaling rate;",Essentials 7,HP,"(14"") diagonal, FHD (1920 x 1080), IPS",60Hz,1.47kg
137,HP 14S-FQ0562AU,671P2PA,AMD Athlon Silver 3050U,AMD Radeon Graphics,512 GB ,4 GB,Windows 11,"Rp5.099.000,00","1 USB Type-C 5Gbps signaling rate,2 USB Type-A 5Gbps signaling rate;",Essentials 8,HP,"(14"") diagonal, HD (1366 x 768), micro-edge",60Hz,1.47kg
138,HP 245 G10,8J403PAAR6,AMD Ryzen 3 7320U,AMD Radeon Graphics,256 GB ,8 GB ,Windows 11,"Rp5.299.000,00","1 USB Type-C 5Gbps signaling rate,2 USB Type-A 5Gbps signaling rate;",Essentials 9,HP,"(14"") diagonal, HD (1366 x 768)",60Hz,1.36 kg
139,HP 14S-DQ5127TU,8X184PA,Intel Core i3 1215U,Intel UHD Graphics,512 GB ,8 GB ,Windows 11,"Rp6.999.000,00","1 USB Type-C 5Gbps signaling rate,2 USB Type-A 5Gbps signaling rate;",Essentials 10,HP,"(14"") diagonal, FHD (1920 x 1080)",60Hz,1.46 kg
140,HP 14S-DQ3109TU,7Z6W4PA,Intel Celeron N4500,Intel UHD Graphics,256 GB ,8 GB ,Windows 11,"Rp4.799.000,00","1 USB Type-C 5Gbps signaling rate,2 USB Type-A 5Gbps signaling rate;",Essentials 11,HP,"(14"") diagonal, HD (1366 x 768)",60Hz,1.47kg
141,HP 14-EM0032AU,7N727PA,AMD Ryzen 3 7320U,AMD Radeon Graphics,512 GB ,8 GB ,Windows 11,"Rp6.849.000,00","1 USB Type-C 5Gbps signaling rate,2 USB Type-A 5Gbps signaling rate;",Essentials 12,HP,"(14"") diagonal, FHD (1920 x 1080)",60Hz,1.4kg
142,HP PAVILION 14-EW0021TU,8R291PA,Intel Core i5 1335U,Intel Iris Xe Graphics,512 GB ,16 GB,Windows 11,"Rp12.999.000,00","1 Thunderbolt 4 with USB Type-C,1 USB Type-C 10Gbps signaling rate",Pavillion 1,HP,"(14"") diagonal, WUXGA (1920 x 1200), IPS",60Hz,1.38kg
143,HP PAVILION AERO 13-BE2002AU,7L9C0PA,AMD Ryzen 5 7535U,Intel UHD Graphics,512 GB ,16 GB,Windows 11,"Rp11.999.000,00","1 USB Type-C 5Gbps signaling rate,2 USB Type-A 5Gbps signaling rate",Pavillion 2,HP,"(13.3"") diagonal, WUXGA (1920 x 1200), IPS",60Hz,0.9kg
144,HP PAVILION PLUS 14-EY0017AU,8R296PA,AMD Ryzen 5 7540U,AMD Radeon 740M Graphics,512 GB ,16 GB,Windows 11,"Rp11.999.000,00","1 USB Type-C 5Gbps signaling rate,2 USB Type-A 5Gbps signaling rate",Pavillion 3,HP," (14"") diagonal, WUXGA (1920 x 1200), IPS",60Hz,1.38kg
145,HP PAVILION X360 14-EK1095TU,8R285PA,Intel Core i3 1315U,Intel UHD Graphics,512 GB ,8 GB ,Windows 11,"Rp9.999.000,00","1 USB Type-C 5Gbps signaling rate,2 USB Type-A 5Gbps signaling rate",Pavillion 4,HP,"(14"") diagonal, FHD (1920 x 1080)",60Hz,1.51kg
146,HP PAVILION AERO 13-BE1003AU,669F0PA,AMD Ryzen 7 5825U,AMD Radeon Graphics,512 GB ,16 GB,Windows 11,"Rp12.499.000,00","1 USB Type-C 5Gbps signaling rate,2 USB Type-A 5Gbps signaling rate",Pavillion 5,HP,"(13.3"") diagonal, WUXGA (1920 x 1200), IPS",60Hz,0.9kg
147,HP PAVILION X36014-EK1005TU,7N725PA,Intel Core i5 1335U,Intel Iris Xe Graphics,512 GB ,16 GB,Windows 11,"Rp13.299.000,00","1 USB Type-C 5Gbps signaling rate,2 USB Type-A 5Gbps signaling rate",Pavillion 6,HP,"(14"") diagonal, FHD (1920 x 1080), multitouch-enabled, IPS",60Hz,1.51kg
148,HP PAVILION X360 14-EK1070TU,88J10PA,Intel Core i7 1355U,Intel Iris Xe Graphics,512 GB ,16 GB,Windows 11,"Rp15.499.000,00","1 USB Type-C 5Gbps signaling rate,2 USB Type-A 5Gbps signaling rate",Pavillion 7,HP,"(14"") diagonal, FHD (1920 x 1080), multitouch-enabled, IPS",60Hz,1.51kg
149,HP PAVILION PLUS 14-EW0017TU,8R289PA,Intel Core i7 1355U,Intel Iris Xe Graphics,1 TB ,16 GB,Windows 11,"Rp15.999.000,00","1 USB Type-C 5Gbps signaling rate,2 USB Type-A 5Gbps signaling rate",Pavillion 8,HP,"(14"") diagonal, 2.8K (2880 x 1800), OLED",120Hz,1.38kg
150,HP PAVILION PLUS 14-EY0015AU,8R294PA,AMD Ryzen 7 7840U,AMD Radeon 780M Graphics,1 TB ,16 GB,Windows 11,"Rp16.499.000,00","1 USB Type-C 5Gbps signaling rate,2 USB Type-A 5Gbps signaling rate",Pavillion 9,HP,"(14"") diagonal, 2.8K (2880 x 1800), OLED",120Hz,1.38kg
151,HP PAVILION PLUS14-EH1015TX,8R283PA,Intel Core i7 1355U,NVIDIA GeForce RTX 2050,1 TB ,16 GB,Windows 11,"Rp18.999.000,00","1 USB Type-C 5Gbps signaling rate,2 USB Type-A 5Gbps signaling rate",Pavillion 10,HP,"(14"") diagonal, 2.8K (2880 x 1800), OLED",90Hz,1.4kg
152,HP PAVILION 14-EK1067TU,88J07PA,Intel Core i5 1335U,Intel Iris Xe Graphics,512 GB ,16 GB,Windows 11,"Rp13.499.000,00","1 USB Type-C 5Gbps signaling rate,2 USB Type-A 5Gbps signaling rate",Pavillion 11,HP,"(14"") diagonal, FHD (1920 x 1080), multitouch-enabled, IPS",60Hz,1.51kg
153,HP PAVILION X360 14-EK1068TU,88J08PA,Intel Core i7 1355U,Intel Iris Xe Graphics,512 GB ,16 GB,Windows 11,"Rp15.299.000,00","1 USB Type-C 5Gbps signaling rate,2 USB Type-A 5Gbps signaling rate",Pavillion 12,HP,"(14"") diagonal, FHD (1920 x 1080)",60Hz,1.51kg
154,HP SPECTRE X360 14-EF2002TU,7M4V7PA,Intel Core i7 1355U,Intel Iris Xe Graphics,1 TB ,32 GB,Windows 11,"Rp26.300.000,00","1 USB Type-A 10Gbps signaling rate,2 Thunderbolt 4 with USB Type-C",Spectre 1,HP,"(13.5"") diagonal, WUXGA+ (1920 x 1280), multitouch-enabled, IPS",90Hz,1.36kg
155,HP SPECTRE 14-EF2000TU,7M4V5PA,Intel Core i7 1355U,Intel Iris Xe Graphics,2 TB ,32 GB,Windows 11,"Rp29.799.000,00","1 USB Type-A 10Gbps signaling rate,2 Thunderbolt 4 with USB Type-C",Spectre 2,HP,"(13.5"") diagonal, 3K2K (3000 x 2000), OLED",90Hz,1.36kg
156,HP SPECTRE FOLDABLE 17-CS0005TU,93T58PA,Intel Core i7 1250U,Intel Iris Xe Graphics,1 TB ,16 GB,Windows 11,"Rp75.000.000,00",2 Thunderbolt 4 with USB Type-C 40Gbps signaling rate,Spectre 3,HP,"(17"") diagonal, 2.5K (1920 x 2560), foldable OLED",90Hz,1.62kg
157,HP OMEN 16-XF0011AX,805W0PA,AMD Ryzen 7 7840HS ,NVIDIA GeForce RTX 4070,1 TB ,32 GB,Windows 11,"Rp29.999.000,00","1 USB Type-C 5Gbps signaling rate,2 USB Type-A 5Gbps signaling rate",Omen 1,HP,"(16.1"") diagonal, QHD (2560 x 1440)",240Hz,2.37kg
158,HP OMEN 16-XF0017AX,81L14PA,AMD Ryzen 9 7940HS,NVIDIA GeForce RTX 4070,2 TB ,32 GB,Windows 11,"Rp32.499.000,00","1 USB Type-C 5Gbps signaling rate,2 USB Type-A 5Gbps signaling rate",Omen 2,HP,"(16.1"") diagonal, QHD (2560 x 1440)",240Hz,2.37kg
159,HP OMEN TRANSCEND 16-U0046TX,8B4J8PA,Intel Core i9 13900HX,NVIDIA GeForce RTX 4070,1 TB ,32 GB,Windows 11,"Rp38.499.000,00","1 USB Type-C 5Gbps signaling rate,2 USB Type-A 5Gbps signaling rate",Omen 3,HP,"(16"") diagonal, WQXGA (2560 x 1600), mini-LED",240Hz,2.09kg
160,HP OMEN TRANSCEND 16-U0045TX,8B4J7PA,Intel Core i9 13900HX,NVIDIA GeForce RTX 4070,1 TB ,32 GB,Windows 11,"Rp38.499.000,00","1 USB Type-C 5Gbps signaling rate,2 USB Type-A 5Gbps signaling rate",Omen 4,HP,"(16"") diagonal, WQXGA (2560 x 1600), mini-LED",240Hz,2.1kg
161,HP ZBOOK FIREFLY  G10 A ,8J1B0PA,AMD Ryzen 7 7840HS,AMD Radeon Graphics,512 GB ,16 GB,Windows 11,"Rp23.999.000,00","1 SuperSpeed USB Type-A 5Gbps signaling rate,1 HDMI 2.0b, 2 Thunderbolt 4 with USB4 Type-C 40Gbps signaling rate",Zbook 1,HP,"14"" diagonal, WUXGA (1920 x 1200), IPS",90Hz,1.4kg
162,HP ZBook Firefly G10 Wolf Pro,9D6B8PT,Intel Core i7 1355U,NVIDIA RTX A500,512 GB ,16 GB,Windows 11,"Rp27.621.000,00","1 SuperSpeed USB Type-A 5Gbps signaling rate,1 HDMI 2.0b, 2 Thunderbolt 4 with USB4 Type-C 40Gbps signaling rate",Zbook 2,HP,"35.6 cm (14"") diagonal, WUXGA (1920 x 1200), touch, IPS",90Hz,1.45kg
163,HP ZBook Firefly G10 A Wolf Pro AutoCAD LT 2024,8J1B0PA,AMD Ryzen 7 7840HS,AMD Radeon Graphics,512 GB ,16 GB,Windows 11,"Rp29.493.000,00","1 SuperSpeed USB Type-A 5Gbps signaling rate,1 HDMI 2.0b, 2 Thunderbolt 4 with USB4 Type-C 40Gbps signaling rate",Zbook 3,HP,"(14"") diagonal, WUXGA (1920 x 1200), IPS",90Hz,1.4kg
164,HP ELITEBOOK 645 G9 BUSINESS,6P0T6PAAR6,AMD Ryzen 7 PRO 5875U,AMD Radeon Graphics,512 GB ,16 GB,Windows 11,"Rp18.500.000,00","1 USB Type-C 10Gbps signaling rate,3 USB Type-A 5Gbps signaling rate",Elitebook 1,HP,"(14"") diagonal, FHD (1920 x 1080), IPS",60Hz,1.36kg
165,HP EliteBook 835 G9,6P0T8PAAR6,AMD Ryzen 7 PRO 6850U,AMD Radeon 680M Graphics,1 TB ,16 GB,Windows 11,"Rp23.700.000,00","2 Thunderbolt 4 with USB Type-C 40Gbps signaling rate,2 USB Type-A 10Gbps signaling rate",Elitebook 2,HP,"(13.3"") diagonal, WUXGA (1920 x 1200), IPS",60Hz,1.31kg
166,HP ELITEBOOK 830 G10,8H5U7PA,Intel Core i7 1355U,Intel Iris Xe Graphics,1 TB ,16 GB,Windows 11,"Rp28.000.000,00","2 Thunderbolt 4 with USB Type-C 40Gbps signaling rate,2 USB Type-A 10Gbps signaling rate",Elitebook 3,HP,"(13.3"") diagonal, WUXGA (1920 x 1200), IPS",60Hz,1.26kg
167,HP DRAGONFLY G4,8H5V8PA,Intel Core i7 1365U,Intel Iris Xe Graphics,1 TB ,32 GB,Windows 11,"Rp35.300.000,00","2 Thunderbolt 4 with USB Type-C 40Gbps signaling rate,2 USB Type-A 10Gbps signaling rate",Elitebook 4,HP,"(13.5"") diagonal, WUXGA+ (1920 x 1280), touch, IPS",60Hz,0.99 kg
168,HP PROBOOK 435 G9,6P0S4PAAR6,AMD Ryzen 5 5625U,AMD Radeon Graphics,512 GB ,8 GB ,Windows 11,"Rp17.400.000,00","1 SuperSpeed USB Type-A 5Gbps signaling rate,1 HDMI 2.0b, 2 Thunderbolt 4 with USB4 Type-C 40Gbps signaling rate",Probook 1,HP,"(13.3"") diagonal, FHD (1920 x 1080), touch, IPS",60Hz,1.45kg
169,HP ProBook 445 G10 ,9J092PT,AMD Ryzen 7 7730U,AMD Radeon Graphics,512 GB ,16 GB,Windows 11,"Rp19.800.000,00","1 SuperSpeed USB Type-A 5Gbps signaling rate,1 HDMI 2.0b, 2 Thunderbolt 4 with USB4 Type-C 40Gbps signaling rate",Probook 2,HP,"(14"") diagonal, FHD (1920 x 1080), IPS",60Hz,1.4kg
170,HP PROBOOK 445 G10,9J020PT,AMD Ryzen 5 7530U,AMD Radeon Graphics,512 GB ,16 GB,Windows 11,"Rp13.100.000,00","1 SuperSpeed USB Type-A 5Gbps signaling rate,1 HDMI 2.0b, 2 Thunderbolt 4 with USB4 Type-C 40Gbps signaling rate",Probook 3,HP,"(14"") diagonal, FHD (1920 x 1080), IPS",60Hz,1.45kg
171,HP PROBOOK 440 G10,9J090PT,Intel Core i7 1355U,Intel UHD Graphics,512 GB ,16 GB,Windows 11,"Rp18.900.000,00","1 SuperSpeed USB Type-A 5Gbps signaling rate,1 HDMI 2.0b, 2 Thunderbolt 4 with USB4 Type-C 40Gbps signaling rate",Probook 4,HP,"(14"") diagonal, FHD (1920 x 1080), IPS",60Hz,1.38kg
172,HP VICTUS 15-FA1094TX,9A2E8PA,Intel Core i5 12450H,NVIDIA GeForce RTX 2050,512 GB ,8 GB ,Windows 11,"Rp11.999.000,00","1 USB Type-A 5Gbps signaling rate,1 USB Type-A 5Gbps signaling rate,1 USB Type-C 5Gbps signaling rate,1 HDMI 2.1,1 RJ-45",Victus 1,HP,"(15.6"") diagonal, FHD (1920 x 1080)",144Hz,2.29kg
173,HP VICTUS 16-R1005TX,9P5B4PA,Intel Core i5 14500HX,NVIDIA GeForce RTX 4060,512 GB ,16 GB,Windows 11,"Rp20.799.000,00","1 USB Type-A 5Gbps signaling rate,1 USB Type-A 5Gbps signaling rate,1 USB Type-C 5Gbps signaling rate,1 HDMI 2.1,1 RJ-45",Victus 2,HP,"(16.1"") diagonal, FHD (1920 x 1080)",144Hz,2.33kg
174,HP Victus 15-fa0178TX,88Y33PA,Intel Core i5 12450H,NVIDIA GeForce RTX 3050,512 GB ,16 GB,Windows 11,"Rp13.999.000,00","1 USB Type-A 5Gbps signaling rate,1 USB Type-A 5Gbps signaling rate,1 USB Type-C 5Gbps signaling rate,1 HDMI 2.1,1 RJ-45",Victus 3,HP,"(15.6"") diagonal, FHD (1920 x 1080)",144Hz,2.29kg
175,HP VICTUS 16-S0009AX,805V2PA,AMD Ryzen 5 7640HS,NVIDIA GeForce RTX 4060,512 GB ,16 GB,Windows 11,"Rp16.149.000,00","1 USB Type-A 5Gbps signaling rate,1 USB Type-A 5Gbps signaling rate,1 USB Type-C 5Gbps signaling rate,1 HDMI 2.1,1 RJ-45",Victus 4,HP,"(16.1"") diagonal, FHD (1920 x 1080)",144Hz,2.33kg
176,HP VICTUS 16-S0047AX,805V4PA,AMD Ryzen 7 7840HS,NVIDIA GeForce RTX 4060,1 TB ,16 GB,Windows 11,"Rp18.399.000,00","1 USB Type-A 5Gbps signaling rate,1 USB Type-A 5Gbps signaling rate,1 USB Type-C 5Gbps signaling rate,1 HDMI 2.1,1 RJ-45",Victus 5,HP,"(16.1"") diagonal, FHD (1920 x 1080)",144Hz,2.33kg
177,HP VICTUS 16-S0010AX,805V3PA,AMD Ryzen 7 7840HS,NVIDIA GeForce RTX 4060,1 TB ,16 GB,Windows 11,"Rp18.399.000,00","1 USB Type-A 5Gbps signaling rate,1 USB Type-A 5Gbps signaling rate,1 USB Type-C 5Gbps signaling rate,1 HDMI 2.1,1 RJ-45",Victus 6,HP,"(16.1"") diagonal, FHD (1920 x 1080)",144Hz,2.33kg
178,HP VICTUS 15-FA1778TX,9Y0Z4PA,Intel Core i5 13420H,NVIDIA GeForce RTX 3050,1 TB ,16 GB,Windows 11,"Rp13.499.000,00","1 USB Type-A 5Gbps signaling rate,1 USB Type-A 5Gbps signaling rate,1 USB Type-C 5Gbps signaling rate,1 HDMI 2.1,1 RJ-45",Victus 7,HP,"(15.6"") diagonal, FHD (1920 x 1080)",144Hz,2.29kg
179,HP VICTUS 16-R1009TX,9P548PA,Intel Core i7 14700HX,NVIDIA GeForce RTX 4060,1 TB ,16 GB,Windows 11,"Rp23.799.000,00","1 USB Type-A 5Gbps signaling rate,1 USB Type-A 5Gbps signaling rate,1 USB Type-C 5Gbps signaling rate,1 HDMI 2.1,1 RJ-45",Victus 8,HP,"(16.1"") diagonal, FHD (1920 x 1080)",144Hz,2.33kg
180,MSI Creator Z16 HX Studio,B13VETA,intel Core i7 13700HX,NVIDIA GeForce RTX 4050,2 TB ,32 GB,Windows 11,"Rp41.999.000,00","1x Type-C (USB3.2 Gen2 / DP),1x Type-C with PD charging,1x Type-A USB3.2 Gen2",Creator 1,MSI,"16"" 16:10 QHD+ (2560x1600)",165Hz,2.39kg
181,MSI Creator Z16HX Studio,B13VGTO,intel Core i7 13700HX,NVIDIA GeForce RTX 4070,2 TB ,32 GB,Windows 11,"Rp49.999.000,00","1x Type-C (USB3.2 Gen2 / DP),1x Type-C with PD charging,1x Type-A USB3.2 Gen2",Creator 2,MSI,"16"" QHD+ (2560*1600)",120Hz,2.35kg
182,MSI Modern 15 H C13,C13M047ID,Intel Core i5 13420H,Intel Iris Xe Graphics,512 GB ,16 GB,Windows 11,"Rp10.999.000,00","1x Type-C (USB3.2 Gen2 / DP),1x Type-C with PD charging,1x Type-A USB3.2 Gen2",Modern 1,MSI,"15.6"" FHD (1920*1080)",60Hz,1.8kg
183,MSI Modern 14 H,D13MG038ID,Intel Core i7 13620H,Intel Iris Xe Graphics,512 GB ,16 GB,Windows 11,"Rp12.499.000,00","I/O Ports 1x Type-C (USB / DP / Thunderbolt 4) with PD charging,3x Type-A USB3.2 Gen1",Modern 2,MSI,14” 16:10 FHD+ (1920x1200),60Hz,1.6kg
184,MSI Modern 14 C13M,C13M1023ID,Intel Core i5 1355U,Intel Iris Xe Graphics,512 GB ,16 GB,Windows 11,"Rp9.999.000,00","I/O Ports 1x Type-C (USB / DP / Thunderbolt 4) with PD charging,3x Type-A USB3.2 Gen1",Modern 3,MSI,"14"" FHD (1920*1080)",60Hz,1.4kg
185,MSI Modern 14 C13M,C13M875ID,Intel Core i7 1355U,Intel Iris Xe Graphics,512 GB ,16 GB,Windows 11,"Rp11.999.000,00","I/O Ports 1x Type-C (USB / DP / Thunderbolt 4) with PD charging,3x Type-A USB3.2 Gen1",Modern 4,MSI,"14"" FHD (1920*1080)",60Hz,1.4kg
186,MSI Modern 14 C11M,C11M244ID,Intel Core i3 1115G4,Intel UHD Graphics,256 GB ,8 GB ,Windows 11,"Rp6.299.000,00","I/O Ports 1x Type-C (USB / DP / Thunderbolt 4) with PD charging,3x Type-A USB3.2 Gen1",Modern 5,MSI,"14"" FHD IPS-Level Thin Bezel",60Hz,1.4kg
187,MSI Modern 14 C12MO,C12MO879ID,Intel Core i7 1255U,Intel Iris Xe Graphics,512 GB ,16 GB,Windows 11,"Rp10.099.000,00","I/O Ports 1x Type-C (USB / DP / Thunderbolt 4) with PD charging,3x Type-A USB3.2 Gen1",Modern 6,MSI,"14"" FHD (1920*1080), IPS-Level",60Hz,1.4kg
188,MSI Modern 14 C7M,C7M226ID,AMD Ryzen 7 7730U,AMD Radeon Graphics,512 GB ,16 GB,Windows 11,"Rp9.699.000,00","I/O Ports 1x Type-C (USB / DP / Thunderbolt 4) with PD charging,3x Type-A USB3.2 Gen1",Modern 7,MSI,"14"" FHD(1920x1080)",60Hz,1.4kg
189,MSI Modern 14 C12MO,C12MO817ID,Intel Core i5 1235U,Intel Iris Xe Graphics,512 GB ,8 GB ,Windows 11,"Rp7.999.000,00","I/O Ports 1x Type-C (USB / DP / Thunderbolt 4) with PD charging,3x Type-A USB3.2 Gen1",Modern 8,MSI,"14"" FHD (1920*1080), IPS-Level",60Hz,1.4kg
190,MSI Prestige 13 AI Evo A1MG,A1MG019ID,Intel Core Ultra 5 125H,Intel Arc Graphics,1 TB ,16 GB,Windows 11,"Rp18.499.000,00","1x Type-C (USB3.2 Gen2 / DP),1x Type-C with PD charging,1x Type-A USB3.2 Gen2",Prestige 1,MSI,"13.3"" 16:10, QHD+ (2880 x 1800)",60Hz,0.99kg
191,MSI Prestige 14 EVO B13M,B13M470ID,intel Core i7 13700H,Intel Iris Xe Graphics,1 TB ,16 GB,Windows 11,"Rp16.999.000,00","1x Type-C (USB3.2 Gen2 / DP),1x Type-C with PD charging,1x Type-A USB3.2 Gen2",Prestige 2,MSI,14” 16:10 FHD+ (1920x1200),60Hz,1.49kg
192,MSI Prestige 13 EVO A13M,A13M226ID,Intel Core i7 1360P,Intel Iris Xe Graphics,512 GB ,16 GB,Windows 11,"Rp17.999.000,00","1x Type-C (USB3.2 Gen2 / DP),1x Type-C with PD charging,1x Type-A USB3.2 Gen2",Prestige 3,MSI,13.3” FHD+ (1920x1200),60Hz,0.99kg
193,MSI Prestige 14 EVO,B13M471ID,Intel Core i5 13500H,Intel Iris Xe Graphics,512 GB ,16 GB,Windows 11,"Rp13.499.000,00","1x Type-C (USB3.2 Gen2 / DP),1x Type-C with PD charging,1x Type-A USB3.2 Gen2",Prestige 4,MSI,14” 16:10 FHD+ (1920x1200),60Hz,1.49kg
194,MSI Prestige 14 H B13UCX,B13UCX490ID,Intel Core i7 13620H,NVIDIA GeForce RTX 2050,1 TB ,16 GB,Windows 11,"Rp18.499.000,00","1x Type-C (USB3.2 Gen2 / DP),1x Type-C with PD charging,1x Type-A USB3.2 Gen2",Prestige 5,MSI,14” 16:10 FHD+ (1920x1200),60Hz,1.49kg
195,MSI Summit E16 AI Evo,A1MTG003ID,Intel Core Ultra 7 125H,Intel Arc Graphics,1 TB ,32 GB,Windows 11,"Rp24.499.000,00","I/O Ports 1x Type-C (USB / DP / Thunderbolt 4) with PD charging,3x Type-A USB3.2 Gen1",Summit 1,MSI,"16"" 16:10 QHD+ (2560x1600)",165Hz,2.1kg
196,MSI Summit E16 AI Studio,A1VETG003ID,Intel Core Ultra 7 155H,NVIDIA GeForce RTX 4050,1 TB ,32 GB,Windows 11,"Rp29.999.000,00","I/O Ports 1x Type-C (USB / DP / Thunderbolt 4) with PD charging,3x Type-A USB3.2 Gen1",Summit 2,MSI,"16"" 16:10 QHD+ (2560x1600)",165Hz,2.1kg
197,MSI Summit E13,A13MT256ID,Intel Core i7 1360P,Intel Iris Xe Graphics,1 TB ,16 GB,Windows 11,"Rp20.999.000,00","I/O Ports 1x Type-C (USB / DP / Thunderbolt 4) with PD charging,3x Type-A USB3.2 Gen1",Summit 3,MSI,"13.4"" FHD (1920x1200)",120Hz,2.1kg
198,MSI Summit E14FlipEvo,A13MT474ID,Intel Core i7 1360P,Intel Iris Xe Graphics,1 TB ,16 GB,Windows 11,"Rp20.999.000,00","I/O Ports 1x Type-C (USB / DP / Thunderbolt 4) with PD charging,3x Type-A USB3.2 Gen1",Summit 4,MSI,"14"" 16:10 QHD+ DCIP3-100% Pen Touch panel",120Hz,2.1kg
199,MSI Thin GF63 12UC,12UC1077ID,Intel Core i5 12450H,NVIDIA GeForce RTX 3050,512 GB ,8 GB ,Windows 11,"Rp11.299.000,00","I/O Ports 1x Type-C (USB / DP / Thunderbolt 4) with PD charging,3x Type-A USB3.2 Gen1",Thin 1,MSI,"15.6"" FHD (1920*1080)",144Hz,1.86kg
200,MSI THIN GF63 11UC,11UC1604ID,Intel Core i5 11260H,NVIDIA GeForce RTX 3050,512 GB ,8 GB ,Windows 11,"Rp10.399.000,00","I/O Ports 1x Type-C (USB / DP / Thunderbolt 4) with PD charging,3x Type-A USB3.2 Gen1",Thin 2,MSI,"15.6"" FHD (1920*1080)",144Hz,1.86kg
201,MSI THIN GF63 12UCX,12UCX601ID,Intel Core i7 12650H,NVIDIA GeForce RTX 2050,512 GB ,8 GB ,Windows 11,"Rp10.999.000,00","I/O Ports 1x Type-C (USB / DP / Thunderbolt 4) with PD charging,3x Type-A USB3.2 Gen1",Thin 3,MSI,"15.6"" FHD (1920*1080)",144Hz,1.86kg
202,MSI THIN GF63 12VF,12VF452ID,Intel Core i7 12650H,NVIDIA GeForce RTX 4060,512 GB ,16 GB,Windows 11,"Rp15.999.000,00","I/O Ports 1x Type-C (USB / DP / Thunderbolt 4) with PD charging,3x Type-A USB3.2 Gen1",Thin 4,MSI,"15.6"" FHD (1920*1080)",144Hz,1.86kg
203,MSI THIN GF63 12UCX,12UCX244ID,Intel Core i5 12450H,NVIDIA GeForce RTX 2050,512 GB ,8 GB ,Windows 11,"Rp9.599.000,00","I/O Ports 1x Type-C (USB / DP / Thunderbolt 4) with PD charging,3x Type-A USB3.2 Gen1",Thin 5,MSI,"15.6"" FHD (1920*1080)",144Hz,1.86kg
204,MSI GF63 THIN 12VE,12VE218ID,Intel Core i7 12650H,NVIDIA GeForce RTX 4050,512 GB ,16 GB,Windows 11,"Rp13.899.000,00","I/O Ports 1x Type-C (USB / DP / Thunderbolt 4) with PD charging,3x Type-A USB3.2 Gen1",Thin 6,MSI,"15.6"" FHD (1920*1080)",144Hz,1.86kg
205,MSI GF63 Thin 11UC,11UC1618ID,Intel Core i5 11400H,NVIDIA GeForce RTX 3050,512 GB ,8 GB ,Windows 11,"Rp10.299.000,00","I/O Ports 1x Type-C (USB / DP / Thunderbolt 4) with PD charging,3x Type-A USB3.2 Gen1",Thin 7,MSI,"15.6"" FHD (1920*1080)",144Hz,1.86kg
206,MSI GF63 Thin 12UC,12UC1015ID,Intel Core i7 12650H,NVIDIA GeForce RTX 3050,512 GB ,8 GB ,Windows 11,"Rp11.999.000,00","I/O Ports 1x Type-C (USB / DP / Thunderbolt 4) with PD charging,3x Type-A USB3.2 Gen1",Thin 8,MSI,"15.6"" FHD (1920*1080)",144Hz,1.86kg
207,MSI BRAVO 15 B7ED,B7ED014ID,AMD Ryzen 5 7535HS,AMD RADEON GRAPHIC RX6550M,512 GB ,8 GB ,Windows 11,"Rp9.999.000,00","I/O Ports 1x Type-C (USB / DP / Thunderbolt 4) with PD charging,3x Type-A USB3.2 Gen1",Bravo 1,MSI,"15.6"" FHD (1920*1080)",144Hz,2.1kg
208,MSI Cyborg 15 A13VE,A13VE683ID,Intel Core i5 13420H,NVIDIA GeForce RTX 4050,512 GB ,8 GB ,Windows 11,"Rp14.799.000,00","I/O Ports 1x Type-C (USB / DP / Thunderbolt 4) with PD charging,3x Type-A USB3.2 Gen1",Cyborg 1,MSI,"15.6"" FHD (1920*1080)",144Hz,1.98kg
209,MSI Cyborg 15 AI A1VFK,A1VFK007ID,Intel Core Ultra 7 155H,NVIDIA GeForce RTX 4060,1 TB ,16 GB,Windows 11,"Rp21.499.000,00","I/O Ports 1x Type-C (USB / DP / Thunderbolt 4) with PD charging,3x Type-A USB3.2 Gen1",Cyborg 2,MSI,"15.6"" FHD (1920*1080)",144Hz,1.98kg
210,MSI Cyborg 15 AI A1VEK,A1VEK009ID,Intel Core Ultra 7 155H,NVIDIA GeForce RTX 4050,512 GB ,16 GB,Windows 11,"Rp19.299.000,00","I/O Ports 1x Type-C (USB / DP / Thunderbolt 4) with PD charging,3x Type-A USB3.2 Gen1",Cyborg 3,MSI,"15.6"" FHD (1920*1080)",144Hz,1.98kg
211,MSI Cyborg 15 A12UC,A12UC622ID,Intel Core i5 12450H,NVIDIA GeForce RTX 3050,512 GB ,16 GB,Windows 11,"Rp12.499.000,00","I/O Ports 1x Type-C (USB / DP / Thunderbolt 4) with PD charging,3x Type-A USB3.2 Gen1",Cyborg 4,MSI,"15.6"" FHD (1920*1080)",144Hz,1.98kg
212,MSI Cyborg 15 A12VE,A12VE413ID,Intel Core i5 12450H,NVIDIA GeForce RTX 4050,512 GB ,8 GB ,Windows 11,"Rp14.999.000,00","I/O Ports 1x Type-C (USB / DP / Thunderbolt 4) with PD charging,3x Type-A USB3.2 Gen1",Cyborg 5,MSI,"15.6"" FHD (1920*1080)",144Hz,1.98kg
213,MSI Cyborg 15 A12VF,A12VF429ID,Intel Core i7 12650H,NVIDIA GeForce RTX 4060,1 TB ,16 GB,Windows 11,"Rp16.799.000,00","I/O Ports 1x Type-C (USB / DP / Thunderbolt 4) with PD charging,3x Type-A USB3.2 Gen1",Cyborg 6,MSI,"15.6"" FHD (1920*1080)",144Hz,1.98kg
214,MSI Cyborg 15 A12UCX,A12UCX471ID,Intel Core i5 12450H,NVIDIA GeForce RTX 2050,512 GB ,16 GB,Windows 11,"Rp14.999.000,00","I/O Ports 1x Type-C (USB / DP / Thunderbolt 4) with PD charging,3x Type-A USB3.2 Gen1",Cyborg 7,MSI,"15.6"" FHD (1920*1080)",144Hz,1.98kg
215,MSI Katana 17 B13VEK,B13VEK852ID,Intel Core i7 13620H,NVIDIA GeForce RTX 4050,1 TB ,16 GB,Windows 11,"Rp21.499.000,00","I1x Type-C (USB3.2 Gen1 / DP),2x Type-A USB3.2 Gen1,1x Type-A USB2.0,1x HDMI 2.1 (8K @ 60Hz / 4K @ 120Hz),1x RJ45",Katana 1,MSI,"17.3"" QHD (2560*1440)",240Hz,2.25kg
216,MSI Katana 15 B13VGK,B13VGK1256ID,Intel Core i7 13620H,NVIDIA GeForce RTX 4070,1 TB ,16 GB,Windows 11,"Rp21.999.000,00","I1x Type-C (USB3.2 Gen1 / DP),2x Type-A USB3.2 Gen1,1x Type-A USB2.0,1x HDMI 2.1 (8K @ 60Hz / 4K @ 120Hz),1x RJ46",Katana 2,MSI,"15.6"" FHD (1920*1080)",144Hz,1.98kg
217,MSI KATANA 15 B13VEK,B13VEK1444ID,Intel Core i7 13620H,NVIDIA GeForce RTX 4050,1 TB ,16 GB,Windows 11,"Rp17.799.000,00","I1x Type-C (USB3.2 Gen1 / DP),2x Type-A USB3.2 Gen1,1x Type-A USB2.0,1x HDMI 2.1 (8K @ 60Hz / 4K @ 120Hz),1x RJ45",Katana 3,MSI,"15.6"" FHD (1920*1080)",144Hz,2.25kg
218,MSI KATANA 15 B13VFK,B13VFK1410ID,Intel Core i7 13620H,NVIDIA GeForce RTX 4060,1 TB ,16 GB,Windows 11,"Rp19.699.000,00","I1x Type-C (USB3.2 Gen1 / DP),2x Type-A USB3.2 Gen1,1x Type-A USB2.0,1x HDMI 2.1 (8K @ 60Hz / 4K @ 120Hz),1x RJ45",Katana 4,MSI,"15.6"" FHD (1920*1080)",144Hz,2.25kg
219,MSI Raider GE78 HX,14VIG498ID,Intel Core i9 14900HX,NVIDIA GeForce RTX 4090,2 TB ,64GB,Windows 11,"Rp69.999.000,00","I/O Ports 1x Type-C (USB / DP / Thunderbolt 4) with PD charging,3x Type-A USB3.2 Gen1",Raider 1,MSI,"17"" 16:10 QHD+(2560 x 1600)",240Hz,3.1kg
220,MSI Raider GE78 HX,14VHG499ID,Intel Core i9 14900HX,NVIDIA GeForce RTX 4080,2 TB ,64GB,Windows 11,"Rp54.999.000,00","I/O Ports 1x Type-C (USB / DP / Thunderbolt 4) with PD charging,3x Type-A USB3.2 Gen1",Raider 2,MSI,"17"" 16:10 QHD+(2560 x 1600)",240Hz,3.1kg
221,MSI Raider GE68 HX,14VHG412ID,Intel Core i9 14900HX,NVIDIA GeForce RTX 4080,2 TB ,64GB,Windows 11,"Rp51.499.000,00","I/O Ports 1x Type-C (USB / DP / Thunderbolt 4) with PD charging,3x Type-A USB3.2 Gen1",Raider 3,MSI,"16"" 16:10 UHD+ (3840x2400)",120Hz,2.75kg
222,MSI Raider GE68HX,13VI221ID,Intel Core i9 13980HX,NVIDIA GeForce RTX 4090,2 TB ,64GB,Windows 11,"Rp54.999.000,00","I/O Ports 1x Type-C (USB / DP / Thunderbolt 4) with PD charging,3x Type-A USB3.2 Gen1",Raider 4,MSI,"16"" 16:10 UHD+(3840x2400)",120Hz,2.7kg
223,MSI Stealth 16 AI Studio,A1VGG005ID,Intel Core Ultra 9 185H,NVIDIA GeForce RTX 4070,2 TB ,32 GB,Windows 11,"Rp40.999.000,00","I/O Ports 1x Type-C (USB / DP / Thunderbolt 4) with PD charging,3x Type-A USB3.2 Gen1",Stealth 1,MSI,"16"" 16:10 QHD+(2560 x 1600)",240Hz,1.98kg
224,MSI Stealth 14 Studio,A13VF217ID,Intel Core i7 13620H,NVIDIA GeForce RTX 4060,1 TB ,16 GB,Windows 11,"Rp26.499.000,00","I/O Ports 1x Type-C (USB / DP / Thunderbolt 4) with PD charging,3x Type-A USB3.2 Gen1",Stealth 2,MSI,"14"" 16:10 QHD+ (2560 x 1600)",240Hz,1.7kg
225,MSI Stealth 17 Studio,A13VI087ID,Intel Core i9 13900H,NVIDIA GeForce RTX 4090,2 TB ,32 GB,Windows 11,"Rp60.999.000,00","I/O Ports 1x Type-C (USB / DP / Thunderbolt 4) with PD charging,3x Type-A USB3.2 Gen1",Stealth 3,MSI,"17.3"" UHD(3840x2160)",144Hz,2.8kg
226,MSI Stealth 17 Studio,A13VI041ID,Intel Core i9 13900H,NVIDIA GeForce RTX 4090,4 TB ,64GB,Windows 11,"Rp92.999.000,00","I/O Ports 1x Type-C (USB / DP / Thunderbolt 4) with PD charging,3x Type-A USB3.2 Gen1",Stealth 4,MSI,"17.3"" UHD(3840x2160)",144Hz,2.8kg
227,MSI Stealth 14Studio,A13VF062ID,Intel Core i7 13700H,NVIDIA GeForce RTX 4060,1 TB ,16 GB,Windows 11,"Rp41.999.000,00","I/O Ports 1x Type-C (USB / DP / Thunderbolt 4) with PD charging,3x Type-A USB3.2 Gen1",Stealth 5,MSI,"14"" 16:10 QHD+(2560 x 1600)",240Hz,1.7kg
228,MSI Titan 18 HX,A14VIG027ID,Intel Core i9 14900HX,NVIDIA GeForce RTX 4090,4 TB ,128GB,Windows 11,"Rp89.999.000,00","I/O Ports 1x Type-C (USB / DP / Thunderbolt 4) with PD charging,3x Type-A USB3.2 Gen1",Titan 1,MSI,"18"" 16:10 UHD+ (3840x2400)",120Hz,3.6kg
229,MSI Titan 18 HX A14VHG,A14VHG028ID,Intel Core i9 14900HX,NVIDIA GeForce RTX 4080,2 TB ,64GB,Windows 11,"Rp70.999.000,00","I/O Ports 1x Type-C (USB / DP / Thunderbolt 4) with PD charging,3x Type-A USB3.2 Gen1",Titan 2,MSI,"18"" 16:10 UHD+ (3840x2400)",120Hz,3.6kg